Num threads;Num fila;Num columna;Num elementos;Num iteraciones;Tiempo(ns);Coste;
1;1;1;1;2;2503904;0.0;
2;1;1;1;2;224425;0.0;
3;1;1;1;2;152599;0.0;
4;1;1;1;2;108205;0.0;
5;1;1;1;2;98868;0.0;
6;1;1;1;2;95140;0.0;
7;1;1;1;2;120689;0.0;
8;1;1;1;2;102665;0.0;
9;1;1;1;2;106582;0.0;
10;1;1;1;2;103696;0.0;
11;1;1;1;2;133863;0.0;
12;1;1;1;2;2221780;0.0;
13;1;1;1;2;165233;0.0;
14;1;1;1;2;105931;0.0;
15;1;1;1;2;109648;0.0;
16;1;1;1;2;101002;0.0;
17;1;1;1;2;110430;0.0;
18;1;1;1;2;107504;0.0;
19;1;1;1;2;101542;0.0;
20;1;1;1;2;94449;0.0;
21;1;1;1;2;97104;0.0;
22;1;1;1;2;88909;0.0;
1;1;2;2;2;346517;0.15600717;
2;1;2;2;2;112984;0.15600717;
3;1;2;2;2;122312;0.15600717;
4;1;2;2;2;140165;0.15600717;
5;1;2;2;2;136498;0.15600717;
6;1;2;2;2;187024;0.15600717;
7;1;2;2;2;141748;0.15600717;
8;1;2;2;2;127612;0.15600717;
9;1;2;2;2;122322;0.15600717;
10;1;2;2;2;109628;0.15600717;
11;1;2;2;2;113014;0.15600717;
12;1;2;2;2;179801;0.15600717;
13;1;2;2;2;123424;0.15600717;
14;1;2;2;2;106702;0.15600717;
15;1;2;2;2;110620;0.15600717;
16;1;2;2;2;151417;0.15600717;
17;1;2;2;2;169351;0.15600717;
18;1;2;2;2;144814;0.15600717;
19;1;2;2;2;128634;0.15600717;
20;1;2;2;2;140776;0.15600717;
21;1;2;2;2;140997;0.15600717;
22;1;2;2;2;149303;0.15600717;
1;1;3;3;3;278327;0.16032289;
2;1;3;3;4;380892;0.16032289;
3;1;3;3;4;405348;0.16032289;
4;1;3;3;4;356345;0.16032289;
5;1;3;3;4;445454;0.16032289;
6;1;3;3;2;220668;0.16032289;
7;1;3;3;2;202123;0.16032289;
8;1;3;3;4;595328;0.16032289;
9;1;3;3;3;430305;0.16032289;
10;1;3;3;4;522941;0.16032289;
11;1;3;3;4;453188;0.16032289;
12;1;3;3;3;431487;0.16032289;
13;1;3;3;2;215869;0.16032289;
14;1;3;3;3;329124;0.16032289;
15;1;3;3;2;213715;0.16032289;
16;1;3;3;4;314246;0.16032289;
17;1;3;3;3;309206;0.16032289;
18;1;3;3;2;222462;0.16032289;
19;1;3;3;2;193246;0.16032289;
20;1;3;3;4;396151;0.16032289;
21;1;3;3;3;400358;0.16032289;
22;1;3;3;2;205059;0.16032289;
1;1;4;4;3;211802;1.3430799;
2;1;4;4;5;457567;1.3430799;
3;1;4;4;6;483236;1.3430799;
4;1;4;4;3;400599;1.3430799;
5;1;4;4;3;412151;1.3430799;
6;1;4;4;5;620355;1.3430799;
7;1;4;4;5;605448;1.3430799;
8;1;4;4;3;466083;1.3430799;
9;1;4;4;5;502723;1.3430799;
10;1;4;4;3;355303;1.3430799;
11;1;4;4;6;811217;1.3430799;
12;1;4;4;6;747777;1.3430799;
13;1;4;4;6;815605;1.3430799;
14;1;4;4;3;330536;1.3430799;
15;1;4;4;2;310358;1.3430799;
16;1;4;4;3;343350;1.3430799;
17;1;4;4;6;536376;1.3430799;
18;1;4;4;3;1452763;1.3430799;
19;1;4;4;3;375502;1.3430799;
20;1;4;4;3;328693;1.3430799;
21;1;4;4;6;564770;1.3430799;
22;1;4;4;3;301140;1.3430799;
1;1;5;5;3;158230;5.825925;
2;1;5;5;8;343651;5.653592;
3;1;5;5;6;391972;5.653592;
4;1;5;5;11;621568;5.653592;
5;1;5;5;9;695197;5.653592;
6;1;5;5;4;519484;5.653592;
7;1;5;5;6;601370;5.653592;
8;1;5;5;10;745012;5.653592;
9;1;5;5;5;699125;5.653592;
10;1;5;5;7;677564;5.653592;
11;1;5;5;3;491441;5.653592;
12;1;5;5;4;608092;5.653592;
13;1;5;5;4;390520;5.653592;
14;1;5;5;7;474509;5.653592;
15;1;5;5;5;523773;5.653592;
16;1;5;5;4;624122;5.653592;
17;1;5;5;10;992280;5.653592;
18;1;5;5;6;672174;5.653592;
19;1;5;5;6;961762;5.825925;
20;1;5;5;10;915795;5.653592;
21;1;5;5;7;613322;5.653592;
22;1;5;5;3;386683;5.825925;
1;1;6;6;9;273979;10.029881;
2;1;6;6;7;403484;10.029881;
3;1;6;6;2;204207;11.009167;
4;1;6;6;21;1044199;10.029881;
5;1;6;6;22;1193812;10.029881;
6;1;6;6;11;755071;10.029881;
7;1;6;6;7;653268;10.029881;
8;1;6;6;13;986138;10.029881;
9;1;6;6;12;908642;10.029881;
10;1;6;6;13;872172;10.692539;
11;1;6;6;17;1542262;10.029881;
12;1;6;6;11;919422;10.029881;
13;1;6;6;8;796629;11.009167;
14;1;6;6;15;1085086;10.424564;
15;1;6;6;11;689747;10.029881;
16;1;6;6;23;1442514;10.029881;
17;1;6;6;12;1055720;10.029881;
18;1;6;6;6;528251;10.692539;
19;1;6;6;19;876741;10.424564;
20;1;6;6;27;2226749;10.029881;
21;1;6;6;23;1551289;10.029881;
22;1;6;6;4;819282;10.029881;
1;1;7;7;23;550443;17.374367;
2;1;7;7;18;447207;17.8954;
3;1;7;7;24;997991;17.474855;
4;1;7;7;20;897962;17.8954;
5;1;7;7;19;895457;17.474855;
6;1;7;7;15;893984;17.374367;
7;1;7;7;21;970099;18.123528;
8;1;7;7;14;829030;17.474855;
9;1;7;7;20;1018580;17.8954;
10;1;7;7;5;552507;17.904799;
11;1;7;7;9;651735;17.474855;
12;1;7;7;19;1257322;17.374367;
13;1;7;7;13;1233057;17.474855;
14;1;7;7;40;1791675;17.374367;
15;1;7;7;18;1461178;17.8954;
16;1;7;7;23;1697337;17.374367;
17;1;7;7;15;1453304;17.8954;
18;1;7;7;31;2576923;17.474855;
19;1;7;7;13;2412331;17.474855;
20;1;7;7;24;1560507;17.374367;
21;1;7;7;8;832206;17.374367;
22;1;7;7;16;1101768;17.374367;
1;1;8;8;31;462447;19.30365;
2;1;8;8;12;365252;18.8547;
3;1;8;8;41;955441;18.820753;
4;1;8;8;29;902420;19.620016;
5;1;8;8;27;948748;19.291546;
6;1;8;8;38;1533636;18.8547;
7;1;8;8;15;863346;18.820753;
8;1;8;8;18;849219;19.30365;
9;1;8;8;23;1096768;19.084455;
10;1;8;8;18;1086479;19.863682;
11;1;8;8;43;1959252;18.820753;
12;1;8;8;23;1510252;18.820753;
13;1;8;8;13;1227496;18.820753;
14;1;8;8;23;1580695;18.820753;
15;1;8;8;12;1161862;19.084455;
16;1;8;8;36;2418132;18.820753;
17;1;8;8;14;1437123;19.084455;
18;1;8;8;10;1093682;19.291546;
19;1;8;8;18;1529969;19.084455;
20;1;8;8;12;1257011;20.087263;
21;1;8;8;30;1870966;18.820753;
22;1;8;8;14;785789;18.820753;
1;2;1;2;2;106773;0.572353;
2;2;1;2;2;63210;0.572353;
3;2;1;2;2;59513;0.572353;
4;2;1;2;2;49214;0.572353;
5;2;1;2;2;54524;0.572353;
6;2;1;2;2;48492;0.572353;
7;2;1;2;2;66786;0.572353;
8;2;1;2;2;109097;0.572353;
9;2;1;2;2;54093;0.572353;
10;2;1;2;2;41910;0.572353;
11;2;1;2;2;42361;0.572353;
12;2;1;2;2;49073;0.572353;
13;2;1;2;2;51388;0.572353;
14;2;1;2;2;42952;0.572353;
15;2;1;2;2;43863;0.572353;
16;2;1;2;2;94780;0.572353;
17;2;1;2;2;66907;0.572353;
18;2;1;2;2;426107;0.572353;
19;2;1;2;2;113064;0.572353;
20;2;1;2;2;117061;0.572353;
21;2;1;2;2;232521;0.572353;
22;2;1;2;2;106542;0.572353;
1;2;2;4;6;181664;1.3621099;
2;2;2;4;6;246146;1.3621099;
3;2;2;4;6;233823;1.3621099;
4;2;2;4;6;221059;1.3621099;
5;2;2;4;6;216320;1.3621099;
6;2;2;4;2;133292;1.3621099;
7;2;2;4;2;123273;1.3621099;
8;2;2;4;2;126940;1.3621099;
9;2;2;4;2;179319;1.3621099;
10;2;2;4;2;136739;1.3621099;
11;2;2;4;4;209868;1.3621099;
12;2;2;4;2;138713;1.3621099;
13;2;2;4;6;214817;1.3621099;
14;2;2;4;2;121120;1.3621099;
15;2;2;4;2;118625;1.3621099;
16;2;2;4;2;124586;1.3621099;
17;2;2;4;6;236087;1.3621099;
18;2;2;4;2;148561;1.3621099;
19;2;2;4;6;231970;1.3621099;
20;2;2;4;4;167227;1.3621099;
21;2;2;4;2;136249;1.3621099;
22;2;2;4;4;171966;1.3621099;
1;2;3;6;16;317371;7.478943;
2;2;3;6;11;298365;7.478943;
3;2;3;6;12;339333;7.478943;
4;2;3;6;10;323393;7.478943;
5;2;3;6;2;214696;7.478943;
6;2;3;6;13;483205;7.478943;
7;2;3;6;15;494728;7.478943;
8;2;3;6;13;451286;7.478943;
9;2;3;6;15;532309;7.478943;
10;2;3;6;12;506650;7.478943;
11;2;3;6;20;702461;7.8037176;
12;2;3;6;9;493966;7.478943;
13;2;3;6;10;408875;7.478943;
14;2;3;6;22;781721;7.478943;
15;2;3;6;7;394487;7.478943;
16;2;3;6;19;809303;7.478943;
17;2;3;6;7;450774;7.478943;
18;2;3;6;10;570571;7.478943;
19;2;3;6;14;599315;7.478943;
20;2;3;6;13;566363;7.478943;
21;2;3;6;7;512070;7.478943;
22;2;3;6;11;503684;7.478943;
1;2;4;8;21;476393;19.792044;
2;2;4;8;26;588916;19.792044;
3;2;4;8;29;585360;19.792044;
4;2;4;8;31;1781996;19.997059;
5;2;4;8;23;708363;19.792044;
6;2;4;8;12;496451;19.792044;
7;2;4;8;29;961512;19.792044;
8;2;4;8;37;1115223;19.792044;
9;2;4;8;17;921085;19.792044;
10;2;4;8;27;1028559;19.792044;
11;2;4;8;21;756874;19.997059;
12;2;4;8;16;746074;19.792044;
13;2;4;8;18;806709;19.792044;
14;2;4;8;27;1220953;19.792044;
15;2;4;8;45;1590914;19.792044;
16;2;4;8;29;1132385;20.232786;
17;2;4;8;9;753568;19.792044;
18;2;4;8;29;1104312;19.792044;
19;2;4;8;10;670942;19.792044;
20;2;4;8;16;717279;19.997059;
21;2;4;8;5;490710;19.792044;
22;2;4;8;23;907930;19.997059;
1;2;5;10;36;766081;35.896355;
2;2;5;10;57;1268624;36.409203;
3;2;5;10;19;536346;36.409203;
4;2;5;10;36;1020273;37.0699;
5;2;5;10;16;534623;36.409203;
6;2;5;10;45;1242535;35.896355;
7;2;5;10;14;544923;36.985416;
8;2;5;10;59;1713316;36.24808;
9;2;5;10;21;825745;35.91699;
10;2;5;10;32;1150671;35.349968;
11;2;5;10;28;1208810;36.522293;
12;2;5;10;19;919682;37.150585;
13;2;5;10;60;1967979;36.307995;
14;2;5;10;37;1470156;36.885643;
15;2;5;10;69;3025863;35.91699;
16;2;5;10;26;1298831;35.91699;
17;2;5;10;43;1871066;36.985416;
18;2;5;10;81;2804785;36.48254;
19;2;5;10;45;1878008;35.896355;
20;2;5;10;34;1520140;36.08381;
21;2;5;10;36;1625070;36.066315;
22;2;5;10;24;1395615;36.307995;
1;2;6;12;78;2123193;54.9559;
2;2;6;12;111;2772693;53.630787;
3;2;6;12;62;1917743;54.156567;
4;2;6;12;38;1191618;53.0779;
5;2;6;12;65;1666378;54.007553;
6;2;6;12;58;1680054;54.131313;
7;2;6;12;49;1432044;54.610466;
8;2;6;12;33;1093111;53.0779;
9;2;6;12;62;2004708;54.31549;
10;2;6;12;68;2168970;55.28136;
11;2;6;12;34;1370427;55.898804;
12;2;6;12;77;2489437;55.533142;
13;2;6;12;53;1964211;54.418995;
14;2;6;12;52;2673185;53.0779;
15;2;6;12;35;1545969;53.78986;
16;2;6;12;47;1952340;54.31549;
17;2;6;12;41;1831330;55.33539;
18;2;6;12;96;3655898;53.91766;
19;2;6;12;91;3426543;53.925854;
20;2;6;12;46;2232991;54.975502;
21;2;6;12;43;2806347;54.803783;
22;2;6;12;70;2962283;54.56069;
1;2;7;14;110;2884676;83.71857;
2;2;7;14;128;4110368;84.96336;
3;2;7;14;58;2094609;83.25194;
4;2;7;14;118;3785694;83.150795;
5;2;7;14;49;1565506;83.25194;
6;2;7;14;130;3519468;83.85159;
7;2;7;14;101;2845000;85.46591;
8;2;7;14;89;2479338;86.8201;
9;2;7;14;94;2975718;82.5007;
10;2;7;14;72;2359411;84.86081;
11;2;7;14;150;4998381;81.261604;
12;2;7;14;78;2821756;81.261604;
13;2;7;14;119;4326458;84.07337;
14;2;7;14;98;3309942;84.37677;
15;2;7;14;68;2507291;83.891136;
16;2;7;14;130;4373206;86.407455;
17;2;7;14;35;1578291;85.73691;
18;2;7;14;61;2499657;84.31004;
19;2;7;14;67;2686751;86.365234;
20;2;7;14;33;1858031;85.60791;
21;2;7;14;70;2818751;85.46658;
22;2;7;14;115;4427790;82.49738;
1;2;8;16;172;7054277;132.33513;
2;2;8;16;82;2280661;131.24893;
3;2;8;16;116;3425280;132.52364;
4;2;8;16;148;3629938;130.30637;
5;2;8;16;117;2959928;131.78757;
6;2;8;16;96;2335906;132.54161;
7;2;8;16;153;3454085;134.79759;
8;2;8;16;80;2194088;132.28671;
9;2;8;16;138;3633906;134.95721;
10;2;8;16;88;2546335;131.62071;
11;2;8;16;131;3678600;131.90747;
12;2;8;16;180;5237254;130.76782;
13;2;8;16;154;5135280;130.83405;
14;2;8;16;195;8801457;130.1864;
15;2;8;16;117;4624552;132.99788;
16;2;8;16;158;5474433;133.02905;
17;2;8;16;144;4915784;133.38725;
18;2;8;16;143;5346721;132.40709;
19;2;8;16;137;5280225;130.70992;
20;2;8;16;86;3383100;132.71103;
21;2;8;16;93;3770765;135.17091;
22;2;8;16;143;5434627;133.7672;
1;3;1;3;2;77467;1.6985078;
2;3;1;3;2;107604;1.6985078;
3;3;1;3;2;105219;1.6985078;
4;3;1;3;2;98837;1.6985078;
5;3;1;3;2;104939;1.6985078;
6;3;1;3;2;103617;1.6985078;
7;3;1;3;2;113485;1.6985078;
8;3;1;3;2;80092;1.6985078;
9;3;1;3;2;68951;1.6985078;
10;3;1;3;2;91844;1.6985078;
11;3;1;3;2;118635;1.6985078;
12;3;1;3;2;108175;1.6985078;
13;3;1;3;2;107133;1.6985078;
14;3;1;3;2;93057;1.6985078;
15;3;1;3;2;77036;1.6985078;
16;3;1;3;2;75433;1.6985078;
17;3;1;3;2;84290;1.6985078;
18;3;1;3;2;98577;1.6985078;
19;3;1;3;2;90852;1.6985078;
20;3;1;3;2;97184;1.6985078;
21;3;1;3;2;94550;1.6985078;
22;3;1;3;2;91263;1.6985078;
1;3;2;6;12;179039;4.9994025;
2;3;2;6;14;244223;4.9994025;
3;3;2;6;8;208946;4.9994025;
4;3;2;6;10;278087;4.9994025;
5;3;2;6;8;290651;4.9994025;
6;3;2;6;4;234384;4.9994025;
7;3;2;6;6;257898;4.9994025;
8;3;2;6;8;291192;4.9994025;
9;3;2;6;20;399367;4.9994025;
10;3;2;6;8;309005;4.9994025;
11;3;2;6;2;177406;4.9994025;
12;3;2;6;8;395640;4.9994025;
13;3;2;6;14;447417;4.9994025;
14;3;2;6;4;331818;4.9994025;
15;3;2;6;12;526918;4.9994025;
16;3;2;6;8;433722;4.9994025;
17;3;2;6;6;395770;4.9994025;
18;3;2;6;14;483777;4.9994025;
19;3;2;6;18;491832;4.9994025;
20;3;2;6;6;443199;4.9994025;
21;3;2;6;18;617500;4.9994025;
22;3;2;6;2;274279;4.9994025;
1;3;3;9;23;307111;22.05712;
2;3;3;9;7;190972;20.889408;
3;3;3;9;36;580079;21.054773;
4;3;3;9;19;563427;21.408052;
5;3;3;9;19;530906;22.064425;
6;3;3;9;15;490850;20.889408;
7;3;3;9;20;481843;21.25451;
8;3;3;9;30;891279;21.283943;
9;3;3;9;31;882642;21.8082;
10;3;3;9;21;761062;21.25451;
11;3;3;9;40;1035322;20.889408;
12;3;3;9;21;880839;20.889408;
13;3;3;9;26;1058586;22.05712;
14;3;3;9;17;979907;21.054773;
15;3;3;9;10;915455;21.408052;
16;3;3;9;52;1756678;21.283943;
17;3;3;9;35;1437514;21.283943;
18;3;3;9;7;728050;21.25451;
19;3;3;9;28;1236644;21.054773;
20;3;3;9;31;1995841;21.74749;
21;3;3;9;21;1034520;21.410015;
22;3;3;9;21;1109873;20.889408;
1;3;4;12;115;2350344;40.987923;
2;3;4;12;33;800818;42.039726;
3;3;4;12;109;2278687;41.844627;
4;3;4;12;53;1366610;40.706203;
5;3;4;12;100;2441757;41.298717;
6;3;4;12;89;2197224;41.22556;
7;3;4;12;94;2258289;41.351845;
8;3;4;12;91;2432720;41.148544;
9;3;4;12;65;1871195;41.48802;
10;3;4;12;19;775699;41.631447;
11;3;4;12;39;1339118;42.16681;
12;3;4;12;65;2269401;41.148544;
13;3;4;12;109;3218949;41.148544;
14;3;4;12;34;1421123;40.987923;
15;3;4;12;91;2798443;41.3016;
16;3;4;12;68;2355122;41.22991;
17;3;4;12;36;1592908;42.26632;
18;3;4;12;71;2665110;40.987923;
19;3;4;12;67;2329013;40.706203;
20;3;4;12;63;2374710;41.57332;
21;3;4;12;34;1633044;42.26632;
22;3;4;12;21;1437384;41.631447;
1;3;5;15;87;2715124;77.192085;
2;3;5;15;107;3482960;76.980865;
3;3;5;15;103;2802450;75.956604;
4;3;5;15;102;2849349;74.98149;
5;3;5;15;109;3078243;76.32787;
6;3;5;15;135;3673591;77.55228;
7;3;5;15;217;5918955;74.793274;
8;3;5;15;60;1773641;76.950676;
9;3;5;15;162;4850732;76.55333;
10;3;5;15;93;2906467;75.91871;
11;3;5;15;88;2829020;76.96816;
12;3;5;15;88;2982452;75.784096;
13;3;5;15;83;2604154;76.27194;
14;3;5;15;153;4904212;76.745476;
15;3;5;15;48;1950966;75.65639;
16;3;5;15;132;4367476;77.11863;
17;3;5;15;139;4892771;74.501755;
18;3;5;15;99;3660576;77.42624;
19;3;5;15;155;5556228;76.243355;
20;3;5;15;137;4871371;75.42879;
21;3;5;15;152;5313638;75.5813;
22;3;5;15;119;4430194;76.346596;
1;3;6;18;193;8771330;137.81137;
2;3;6;18;151;5876845;138.79564;
3;3;6;18;209;7338766;139.91618;
4;3;6;18;273;9179954;139.95573;
5;3;6;18;177;5627744;139.90344;
6;3;6;18;130;4322190;138.37868;
7;3;6;18;174;5515440;138.96617;
8;3;6;18;139;4458438;141.7441;
9;3;6;18;127;4438159;139.03079;
10;3;6;18;299;9619627;137.30586;
11;3;6;18;211;7092199;138.15373;
12;3;6;18;84;3296676;138.01147;
13;3;6;18;194;6258899;138.6425;
14;3;6;18;218;6805566;140.24034;
15;3;6;18;150;5565125;139.25688;
16;3;6;18;195;6487823;140.83887;
17;3;6;18;223;7806451;139.96477;
18;3;6;18;193;6659048;138.06325;
19;3;6;18;166;6171183;140.9902;
20;3;6;18;248;9184172;140.54979;
21;3;6;18;167;6548739;139.12468;
22;3;6;18;284;11229407;140.56105;
1;3;7;21;283;18254239;211.25978;
2;3;7;21;223;10360712;214.67072;
3;3;7;21;229;9693868;210.51666;
4;3;7;21;273;11349765;211.12227;
5;3;7;21;277;10513220;212.4639;
6;3;7;21;351;13206163;211.7241;
7;3;7;21;358;12487040;215.05746;
8;3;7;21;458;16263296;211.28752;
9;3;7;21;352;11709988;215.58185;
10;3;7;21;179;6272254;212.23793;
11;3;7;21;254;9063043;215.68584;
12;3;7;21;324;12301840;213.13847;
13;3;7;21;229;8265001;214.08817;
14;3;7;21;391;14322308;212.43123;
15;3;7;21;261;10075641;214.26764;
16;3;7;21;352;13028637;214.74109;
17;3;7;21;163;6713330;213.22195;
18;3;7;21;220;8463477;214.42479;
19;3;7;21;339;12774325;216.2249;
20;3;7;21;285;11037254;211.91899;
21;3;7;21;282;11219518;215.11969;
22;3;7;21;262;10678994;214.68483;
1;3;8;24;486;46605378;333.59467;
2;3;8;24;312;20798218;333.34167;
3;3;8;24;574;33514243;334.1503;
4;3;8;24;400;20411867;334.22104;
5;3;8;24;358;15786312;335.32245;
6;3;8;24;471;20498270;336.7041;
7;3;8;24;595;24890182;334.18207;
8;3;8;24;434;19149805;335.7242;
9;3;8;24;490;20621253;332.4853;
10;3;8;24;520;20343217;336.47214;
11;3;8;24;357;13863809;337.69443;
12;3;8;24;490;19069713;331.68982;
13;3;8;24;447;18124252;335.09476;
14;3;8;24;279;11703946;330.6865;
15;3;8;24;399;16049280;336.80142;
16;3;8;24;544;21799756;332.45288;
17;3;8;24;411;17217594;332.9054;
18;3;8;24;487;19779509;334.99088;
19;3;8;24;672;27050024;334.26233;
20;3;8;24;509;20721833;336.0018;
21;3;8;24;254;10947203;335.9998;
22;3;8;24;397;16731683;332.7832;
1;4;1;4;2;82787;4.141312;
2;4;1;4;4;134034;4.141312;
3;4;1;4;2;130798;4.141312;
4;4;1;4;4;212182;4.141312;
5;4;1;4;2;138442;4.141312;
6;4;1;4;4;268799;4.141312;
7;4;1;4;4;213234;4.141312;
8;4;1;4;6;860460;4.141312;
9;4;1;4;2;146007;4.141312;
10;4;1;4;4;212853;4.141312;
11;4;1;4;2;143431;4.141312;
12;4;1;4;4;251447;4.141312;
13;4;1;4;2;172186;4.141312;
14;4;1;4;2;137680;4.141312;
15;4;1;4;6;228373;4.141312;
16;4;1;4;2;137651;4.141312;
17;4;1;4;4;302483;4.141312;
18;4;1;4;2;149043;4.141312;
19;4;1;4;2;119917;4.141312;
20;4;1;4;2;129916;4.141312;
21;4;1;4;2;148722;4.141312;
22;4;1;4;4;275102;4.141312;
1;4;2;8;23;344132;14.355111;
2;4;2;8;12;243060;14.355111;
3;4;2;8;29;628140;14.355111;
4;4;2;8;19;429825;14.355111;
5;4;2;8;34;652526;14.355111;
6;4;2;8;8;340736;14.355111;
7;4;2;8;11;427059;14.355111;
8;4;2;8;23;648619;14.847686;
9;4;2;8;22;628170;14.355111;
10;4;2;8;15;619394;14.355111;
11;4;2;8;26;859037;14.355111;
12;4;2;8;33;998973;14.355111;
13;4;2;8;15;725294;14.355111;
14;4;2;8;12;763106;14.355111;
15;4;2;8;17;832247;14.355111;
16;4;2;8;7;733009;14.355111;
17;4;2;8;20;829070;14.355111;
18;4;2;8;15;625916;14.355111;
19;4;2;8;19;785799;14.355111;
20;4;2;8;26;972252;14.355111;
21;4;2;8;21;971250;14.355111;
22;4;2;8;15;720826;14.355111;
1;4;3;12;61;1237985;41.72281;
2;4;3;12;50;967363;41.317387;
3;4;3;12;51;1093632;42.37994;
4;4;3;12;59;1369766;41.97781;
5;4;3;12;66;1675104;40.92914;
6;4;3;12;43;1174175;40.465317;
7;4;3;12;40;1088542;40.92914;
8;4;3;12;71;1837511;42.265472;
9;4;3;12;41;1291628;40.465317;
10;4;3;12;62;1735298;42.157646;
11;4;3;12;26;998582;42.144176;
12;4;3;12;37;1278553;41.532112;
13;4;3;12;31;1147986;41.59551;
14;4;3;12;57;1791905;40.92914;
15;4;3;12;16;1012659;40.315277;
16;4;3;12;72;2241016;40.378162;
17;4;3;12;66;2227510;41.904842;
18;4;3;12;51;1905210;42.317394;
19;4;3;12;67;2319565;41.235718;
20;4;3;12;86;2735603;41.297413;
21;4;3;12;30;1518878;41.532112;
22;4;3;12;35;1649535;41.317387;
1;4;4;16;172;5408017;90.02437;
2;4;4;16;130;4188055;88.98351;
3;4;4;16;125;3468162;91.64643;
4;4;4;16;149;4025307;91.57676;
5;4;4;16;117;3160328;88.98351;
6;4;4;16;218;6355763;90.955414;
7;4;4;16;103;3062823;92.68309;
8;4;4;16;107;3010825;90.02813;
9;4;4;16;143;4210639;91.94126;
10;4;4;16;126;3681055;91.76109;
11;4;4;16;112;3278592;92.20364;
12;4;4;16;155;4354662;90.880745;
13;4;4;16;101;3131454;90.77767;
14;4;4;16;171;5282389;90.529625;
15;4;4;16;61;2318844;91.33554;
16;4;4;16;135;4458227;91.265434;
17;4;4;16;125;4223223;89.877525;
18;4;4;16;216;7116054;91.11859;
19;4;4;16;93;3551579;90.78165;
20;4;4;16;106;4023574;90.98048;
21;4;4;16;130;4793012;89.85546;
22;4;4;16;50;2452647;92.8338;
1;4;5;20;304;15837119;169.82976;
2;4;5;20;189;7039980;168.6717;
3;4;5;20;381;15481966;171.24333;
4;4;5;20;261;9185725;174.22668;
5;4;5;20;239;8264660;171.61575;
6;4;5;20;135;4417330;171.22739;
7;4;5;20;327;11429526;174.4693;
8;4;5;20;494;15351248;172.29951;
9;4;5;20;290;10152437;169.37317;
10;4;5;20;162;5394121;172.13493;
11;4;5;20;170;5672368;170.59494;
12;4;5;20;275;9657008;171.4541;
13;4;5;20;223;7304871;170.4606;
14;4;5;20;212;6972632;171.57549;
15;4;5;20;247;8511087;174.40543;
16;4;5;20;209;7593007;173.46361;
17;4;5;20;339;12102191;170.60907;
18;4;5;20;317;11853560;170.55626;
19;4;5;20;144;5643694;172.16516;
20;4;5;20;213;8777361;169.59521;
21;4;5;20;348;12761250;171.3233;
22;4;5;20;275;10239201;172.80844;
1;4;6;24;318;27894254;313.81473;
2;4;6;24;487;31511969;314.95328;
3;4;6;24;437;24832052;312.1745;
4;4;6;24;414;20552393;308.30106;
5;4;6;24;380;16618739;311.19504;
6;4;6;24;282;11556587;307.77383;
7;4;6;24;307;13397726;307.82336;
8;4;6;24;371;15049656;309.8734;
9;4;6;24;547;22252645;311.25024;
10;4;6;24;364;15198348;309.55127;
11;4;6;24;384;14668454;309.63336;
12;4;6;24;419;16361191;310.1368;
13;4;6;24;483;19241359;307.3966;
14;4;6;24;265;10428200;306.97403;
15;4;6;24;156;6600055;308.4874;
16;4;6;24;527;20950056;308.86188;
17;4;6;24;505;20572020;309.59808;
18;4;6;24;557;22903258;311.49628;
19;4;6;24;316;13230719;309.2787;
20;4;6;24;632;25875860;310.16898;
21;4;6;24;357;15646016;311.34927;
22;4;6;24;500;20954715;307.8926;
1;4;7;28;440;60787490;438.26785;
2;4;7;28;799;74263054;435.9803;
3;4;7;28;430;33763375;435.04276;
4;4;7;28;695;45788620;438.65073;
5;4;7;28;412;23865460;436.76334;
6;4;7;28;748;40300832;433.29727;
7;4;7;28;1165;59969821;434.3388;
8;4;7;28;633;32192539;436.12222;
9;4;7;28;581;27299477;435.95135;
10;4;7;28;684;34884670;435.8769;
11;4;7;28;607;27971651;435.65744;
12;4;7;28;750;37177033;436.61334;
13;4;7;28;824;38692535;435.11743;
14;4;7;28;650;30511624;435.80542;
15;4;7;28;379;17911038;435.61774;
16;4;7;28;548;25521538;438.05127;
17;4;7;28;473;22323669;438.95184;
18;4;7;28;606;28595523;435.347;
19;4;7;28;669;29912739;431.30106;
20;4;7;28;398;18507668;438.34958;
21;4;7;28;691;31373567;432.72946;
22;4;7;28;621;28915449;435.30884;
1;4;8;32;1055;220063837;660.8218;
2;4;8;32;755;103813586;661.8806;
3;4;8;32;1106;118745629;666.08215;
4;4;8;32;507;47696115;655.3374;
5;4;8;32;876;66480027;659.77734;
6;4;8;32;1008;69623933;661.2205;
7;4;8;32;882;58452275;666.6997;
8;4;8;32;1248;81487092;654.57587;
9;4;8;32;638;36602404;666.68726;
10;4;8;32;1055;62941051;654.93744;
11;4;8;32;1032;61000814;658.6641;
12;4;8;32;871;53642682;667.0537;
13;4;8;32;1092;63985660;653.5783;
14;4;8;32;577;37111369;663.2534;
15;4;8;32;656;39826133;656.81055;
16;4;8;32;763;43047696;657.0905;
17;4;8;32;1206;70521324;657.0957;
18;4;8;32;932;50895157;652.99115;
19;4;8;32;1132;63268792;652.8305;
20;4;8;32;1115;62279597;660.9935;
21;4;8;32;845;46967765;656.8702;
22;4;8;32;967;54613592;658.7024;
1;5;1;5;4;108135;6.894824;
2;5;1;5;12;215107;6.894824;
3;5;1;5;4;161797;6.894824;
4;5;1;5;22;380782;6.894824;
5;5;1;5;2;205660;6.894824;
6;5;1;5;12;332871;6.894824;
7;5;1;5;12;377144;6.894824;
8;5;1;5;2;281764;6.894824;
9;5;1;5;12;452357;6.894824;
10;5;1;5;4;302574;6.894824;
11;5;1;5;4;300650;6.894824;
12;5;1;5;4;305248;6.894824;
13;5;1;5;22;554931;6.894824;
14;5;1;5;12;453559;6.894824;
15;5;1;5;12;410828;6.894824;
16;5;1;5;12;442989;6.894824;
17;5;1;5;2;282906;6.894824;
18;5;1;5;12;424104;6.894824;
19;5;1;5;4;233663;6.894824;
20;5;1;5;4;269731;6.894824;
21;5;1;5;4;268439;6.894824;
22;5;1;5;12;360012;6.894824;
1;5;2;10;20;332870;25.990377;
2;5;2;10;36;619974;25.835812;
3;5;2;10;42;829251;25.835812;
4;5;2;10;14;414686;25.835812;
5;5;2;10;26;637147;25.990377;
6;5;2;10;28;802270;25.835812;
7;5;2;10;57;1318218;25.835812;
8;5;2;10;23;735483;25.990377;
9;5;2;10;31;921106;25.990377;
10;5;2;10;14;599405;25.835812;
11;5;2;10;29;952464;25.835812;
12;5;2;10;28;1006487;25.835812;
13;5;2;10;11;683435;25.835812;
14;5;2;10;22;923740;25.835812;
15;5;2;10;43;1485104;25.835812;
16;5;2;10;32;1280526;25.835812;
17;5;2;10;41;1362431;25.835812;
18;5;2;10;26;1205474;25.835812;
19;5;2;10;38;1500493;25.835812;
20;5;2;10;8;904324;25.990377;
21;5;2;10;26;1290695;25.835812;
22;5;2;10;29;1361620;25.835812;
1;5;3;15;58;1696675;77.32792;
2;5;3;15;126;3694089;78.87094;
3;5;3;15;107;2659769;77.57329;
4;5;3;15;174;4581010;78.165855;
5;5;3;15;124;3383170;78.74426;
6;5;3;15;164;4186743;78.82314;
7;5;3;15;91;2562796;76.7252;
8;5;3;15;41;1234499;79.54045;
9;5;3;15;111;2801078;77.634315;
10;5;3;15;129;3521573;77.95342;
11;5;3;15;145;3858982;80.82795;
12;5;3;15;89;2625344;77.42278;
13;5;3;15;75;2375882;77.88307;
14;5;3;15;100;3099623;77.40571;
15;5;3;15;183;5477548;78.68244;
16;5;3;15;148;4588384;78.96131;
17;5;3;15;76;2657035;77.832405;
18;5;3;15;163;5194983;77.15256;
19;5;3;15;98;3562370;78.70649;
20;5;3;15;199;6321097;78.84349;
21;5;3;15;106;3853442;78.17599;
22;5;3;15;118;4313383;79.363846;
1;5;4;20;251;14268375;168.06056;
2;5;4;20;187;7668360;166.49547;
3;5;4;20;111;4388936;166.39368;
4;5;4;20;277;9876144;166.27046;
5;5;4;20;287;9809447;165.6328;
6;5;4;20;202;6592942;165.63406;
7;5;4;20;226;7098450;168.41446;
8;5;4;20;241;8140715;167.28351;
9;5;4;20;248;7935537;166.03827;
10;5;4;20;142;5023549;166.49991;
11;5;4;20;313;9648422;164.6864;
12;5;4;20;258;8419574;166.20393;
13;5;4;20;305;10174970;165.55504;
14;5;4;20;296;9936528;166.83646;
15;5;4;20;404;13066378;165.03223;
16;5;4;20;234;8096842;165.78346;
17;5;4;20;278;9683107;167.25464;
18;5;4;20;304;10859797;165.85866;
19;5;4;20;343;12214113;166.6925;
20;5;4;20;182;7075236;166.96368;
21;5;4;20;300;10986838;166.62791;
22;5;4;20;291;11104410;165.6083;
1;5;5;25;420;42909936;322.39517;
2;5;5;25;553;37025346;323.3297;
3;5;5;25;349;20747653;324.3333;
4;5;5;25;332;17926457;324.6989;
5;5;5;25;457;21684939;325.25208;
6;5;5;25;448;20066772;327.72107;
7;5;5;25;465;19852827;324.14926;
8;5;5;25;480;20170679;323.99835;
9;5;5;25;468;19804004;324.54373;
10;5;5;25;636;27284369;323.57114;
11;5;5;25;733;29990056;322.82217;
12;5;5;25;628;26297398;325.75568;
13;5;5;25;257;10926543;321.59055;
14;5;5;25;444;18201769;325.99585;
15;5;5;25;469;19486533;323.02945;
16;5;5;25;633;25629833;321.51526;
17;5;5;25;238;9713656;328.44012;
18;5;5;25;383;16231726;320.95212;
19;5;5;25;320;13337812;326.7061;
20;5;5;25;549;22787898;327.14566;
21;5;5;25;478;19874368;324.96002;
22;5;5;25;457;19716248;323.7511;
1;5;6;30;687;115611059;496.21823;
2;5;6;30;863;96438902;497.3134;
3;5;6;30;738;69368109;496.67322;
4;5;6;30;697;53575425;496.15967;
5;5;6;30;509;34326161;494.0177;
6;5;6;30;754;48645022;493.86478;
7;5;6;30;707;43095157;498.9036;
8;5;6;30;1384;78561950;494.06982;
9;5;6;30;947;49594272;499.8946;
10;5;6;30;572;29729802;497.5492;
11;5;6;30;616;33346154;496.06766;
12;5;6;30;593;32053395;495.92352;
13;5;6;30;909;48951914;495.51807;
14;5;6;30;753;41041045;496.6829;
15;5;6;30;835;42881833;497.08136;
16;5;6;30;896;46567926;500.66968;
17;5;6;30;593;31564689;497.8785;
18;5;6;30;850;45103442;497.74066;
19;5;6;30;546;28399772;494.90213;
20;5;6;30;898;45707817;495.71136;
21;5;6;30;907;45964754;498.37305;
22;5;6;30;664;34776996;491.4434;
1;5;7;35;1408;379071756;782.43024;
2;5;7;35;1001;173648198;785.99164;
3;5;7;35;1110;150749771;781.9727;
4;5;7;35;1212;139224763;787.22766;
5;5;7;35;831;79443831;787.438;
6;5;7;35;822;73652006;789.77594;
7;5;7;35;1213;98494578;777.58014;
8;5;7;35;1076;81744018;785.89655;
9;5;7;35;1070;79319305;776.7703;
10;5;7;35;1388;108003315;781.40857;
11;5;7;35;1213;91672511;788.3215;
12;5;7;35;1447;101697487;784.536;
13;5;7;35;1594;116082403;776.6238;
14;5;7;35;937;66917676;784.9963;
15;5;7;35;1081;74256421;786.2631;
16;5;7;35;1120;77137781;781.6332;
17;5;7;35;1233;84625869;783.12646;
18;5;7;35;1425;94309197;784.61127;
19;5;7;35;1489;99092611;776.74023;
20;5;7;35;783;52692642;782.9708;
21;5;7;35;1480;96107234;783.0363;
22;5;7;35;1254;81801808;777.50385;
1;5;8;40;2168;861075447;1122.4445;
2;5;8;40;2207;571025440;1126.1135;
3;5;8;40;1313;253315653;1115.9513;
4;5;8;40;2273;366621685;1129.8632;
5;5;8;40;1925;257864792;1118.1172;
6;5;8;40;1985;234024710;1118.426;
7;5;8;40;1783;195818156;1132.5612;
8;5;8;40;1489;151399822;1122.4366;
9;5;8;40;1787;168687770;1115.2242;
10;5;8;40;1545;145986095;1127.3599;
11;5;8;40;1767;155979580;1121.83;
12;5;8;40;1846;182517574;1119.3978;
13;5;8;40;1970;170085819;1119.3958;
14;5;8;40;2244;214250492;1120.2196;
15;5;8;40;1957;166198994;1115.957;
16;5;8;40;2345;209247673;1122.9559;
17;5;8;40;1767;149259196;1125.9714;
18;5;8;40;2051;169036210;1118.285;
19;5;8;40;1588;128425591;1123.634;
20;5;8;40;1765;148016011;1120.7184;
21;5;8;40;1756;145613770;1120.0286;
22;5;8;40;1735;143317728;1118.069;
1;6;1;6;14;239224;6.5828533;
2;6;1;6;19;298105;6.5828533;
3;6;1;6;9;265913;6.5828533;
4;6;1;6;5;241688;6.5828533;
5;6;1;6;6;276634;6.5828533;
6;6;1;6;22;513383;6.5828533;
7;6;1;6;6;369229;6.5828533;
8;6;1;6;14;529684;6.5828533;
9;6;1;6;11;375141;6.5828533;
10;6;1;6;10;418804;6.5828533;
11;6;1;6;24;523642;6.5828533;
12;6;1;6;15;573446;6.5828533;
13;6;1;6;16;509034;6.5828533;
14;6;1;6;24;690859;6.5828533;
15;6;1;6;7;407232;6.5828533;
16;6;1;6;13;320186;6.655368;
17;6;1;6;14;377115;6.5828533;
18;6;1;6;10;419214;6.5828533;
19;6;1;6;19;624493;6.5828533;
20;6;1;6;5;324766;6.5828533;
21;6;1;6;7;352478;6.5828533;
22;6;1;6;5;352908;6.5828533;
1;6;2;12;53;1066531;43.867157;
2;6;2;12;67;1283692;43.867157;
3;6;2;12;51;1030643;43.968136;
4;6;2;12;59;1229009;43.867157;
5;6;2;12;42;1089354;43.867157;
6;6;2;12;66;1577589;43.867157;
7;6;2;12;72;1783159;43.867157;
8;6;2;12;69;1748964;43.968136;
9;6;2;12;79;2043923;43.968136;
10;6;2;12;59;1670966;43.968136;
11;6;2;12;78;2136959;43.867157;
12;6;2;12;77;2096893;43.867157;
13;6;2;12;53;1640970;43.867157;
14;6;2;12;65;1997185;43.867157;
15;6;2;12;65;2050365;43.867157;
16;6;2;12;73;2269581;44.644157;
17;6;2;12;60;1976435;43.867157;
18;6;2;12;46;1693098;43.867157;
19;6;2;12;51;2582604;43.867157;
20;6;2;12;45;1726702;44.968475;
21;6;2;12;58;2304717;43.867157;
22;6;2;12;44;2134224;43.968136;
1;6;3;18;202;8621086;129.80109;
2;6;3;18;133;4218713;130.8936;
3;6;3;18;85;2772333;128.01343;
4;6;3;18;230;6521287;127.538994;
5;6;3;18;196;5957508;129.01366;
6;6;3;18;185;5535409;128.16684;
7;6;3;18;176;5275196;126.75996;
8;6;3;18;160;4881259;127.794685;
9;6;3;18;185;5102508;127.96177;
10;6;3;18;181;5274394;129.11237;
11;6;3;18;181;5432624;130.35768;
12;6;3;18;170;5182089;129.15929;
13;6;3;18;292;8536194;132.68527;
14;6;3;18;186;5965213;128.5293;
15;6;3;18;181;5935647;130.41225;
16;6;3;18;126;4271193;127.52618;
17;6;3;18;104;3662450;127.34698;
18;6;3;18;172;5839925;128.0796;
19;6;3;18;160;5619808;128.0839;
20;6;3;18;187;6658216;127.28054;
21;6;3;18;212;7788788;130.95354;
22;6;3;18;129;5037495;131.30374;
1;6;4;24;356;31867362;284.78125;
2;6;4;24;260;15962355;285.26093;
3;6;4;24;550;28785462;288.62057;
4;6;4;24;346;16834288;283.75165;
5;6;4;24;282;12247266;284.00482;
6;6;4;24;397;16922856;284.67133;
7;6;4;24;435;17410730;285.75842;
8;6;4;24;414;15916358;285.82977;
9;6;4;24;534;20386779;288.09622;
10;6;4;24;550;22689252;285.32437;
11;6;4;24;384;14197542;287.21768;
12;6;4;24;459;18338798;286.97018;
13;6;4;24;338;12957211;287.0232;
14;6;4;24;275;11714357;291.26538;
15;6;4;24;453;18339810;286.02914;
16;6;4;24;431;16978020;284.17548;
17;6;4;24;338;13858048;283.8167;
18;6;4;24;469;18983590;283.99274;
19;6;4;24;396;15779088;288.29584;
20;6;4;24;399;16050603;284.83008;
21;6;4;24;515;20955396;286.2187;
22;6;4;24;571;23099689;287.55273;
1;6;5;30;733;128712184;518.44635;
2;6;5;30;514;55624287;522.45874;
3;6;5;30;614;55662911;518.06274;
4;6;5;30;817;61969770;526.3708;
5;6;5;30;563;38111263;516.4275;
6;6;5;30;1013;64131466;519.4637;
7;6;5;30;561;33159972;519.8703;
8;6;5;30;976;55428767;516.73425;
9;6;5;30;731;40813634;522.86096;
10;6;5;30;660;36248393;518.68585;
11;6;5;30;686;34788658;522.7647;
12;6;5;30;806;44342540;517.3517;
13;6;5;30;836;43394203;526.6128;
14;6;5;30;1007;53199914;525.4485;
15;6;5;30;465;25706188;516.13135;
16;6;5;30;458;24724408;523.161;
17;6;5;30;626;32758812;517.82294;
18;6;5;30;890;45922765;518.44995;
19;6;5;30;445;22676918;523.04736;
20;6;5;30;969;49211876;519.24023;
21;6;5;30;714;37300718;520.96185;
22;6;5;30;853;44376846;519.2742;
1;6;6;36;1391;396452449;856.2576;
2;6;6;36;1574;291010928;844.27026;
3;6;6;36;1260;186148896;841.0351;
4;6;6;36;1496;184762067;842.0235;
5;6;6;36;1194;123427190;842.7284;
6;6;6;36;1207;112037388;845.671;
7;6;6;36;1465;124573512;843.27655;
8;6;6;36;1123;89645911;844.75806;
9;6;6;36;1524;118369607;847.8134;
10;6;6;36;826;62625032;853.172;
11;6;6;36;891;64239962;839.98224;
12;6;6;36;994;72332877;847.3754;
13;6;6;36;993;75076264;843.50696;
14;6;6;36;1121;78567459;853.0291;
15;6;6;36;1398;98324505;844.5097;
16;6;6;36;1186;83139403;844.92163;
17;6;6;36;1502;103642802;847.86383;
18;6;6;36;1177;80300243;848.62604;
19;6;6;36;1371;93938675;843.21814;
20;6;6;36;1168;78575836;855.3344;
21;6;6;36;1147;79018053;850.9522;
22;6;6;36;1012;68848083;841.9859;
1;6;7;42;1884;871408386;1245.1672;
2;6;7;42;2186;636612033;1246.5829;
3;6;7;42;1944;422791746;1240.3844;
4;6;7;42;1243;220723087;1243.1603;
5;6;7;42;2221;332329508;1241.796;
6;6;7;42;1587;207560196;1255.6198;
7;6;7;42;2218;280903687;1257.5388;
8;6;7;42;1644;201249238;1245.7712;
9;6;7;42;1953;204667594;1239.7512;
10;6;7;42;2478;250842667;1237.3789;
11;6;7;42;2198;229383346;1248.5382;
12;6;7;42;1721;171585721;1246.0255;
13;6;7;42;1912;183670409;1244.7388;
14;6;7;42;1336;128863170;1249.4205;
15;6;7;42;1664;163502785;1254.2515;
16;6;7;42;2117;205136873;1244.6416;
17;6;7;42;2007;185513070;1232.5795;
18;6;7;42;2044;182385394;1239.3535;
19;6;7;42;1951;175999925;1243.2603;
20;6;7;42;1703;153561809;1242.3651;
21;6;7;42;2183;193838275;1243.6597;
22;6;7;42;2166;194968036;1242.7511;
1;6;8;48;3056;2012440033;1725.9225;
2;6;8;48;2101;917152912;1730.24;
3;6;8;48;3318;1053809038;1734.1115;
4;6;8;48;2823;743906365;1728.4696;
5;6;8;48;2717;570529019;1735.8362;
6;6;8;48;3149;581352808;1722.5157;
7;6;8;48;3641;653916802;1738.0929;
8;6;8;48;3716;579759058;1736.1239;
9;6;8;48;3019;432193511;1733.6702;
10;6;8;48;2510;340027625;1729.7435;
11;6;8;48;3624;524301176;1734.9075;
12;6;8;48;2622;330765064;1738.9319;
13;6;8;48;2199;280660456;1730.7998;
14;6;8;48;2363;307505251;1725.1128;
15;6;8;48;3156;393747764;1744.2372;
16;6;8;48;2438;330746038;1734.591;
17;6;8;48;2523;343933044;1731.5515;
18;6;8;48;2812;335478255;1725.4988;
19;6;8;48;3698;451941910;1720.5645;
20;6;8;48;3714;447913727;1741.3798;
21;6;8;48;2477;298083669;1731.4045;
22;6;8;48;3978;471294208;1732.8334;
1;7;1;7;17;296863;20.739569;
2;7;1;7;28;430797;20.739569;
3;7;1;7;28;478025;20.739569;
4;7;1;7;12;339954;20.739569;
5;7;1;7;31;709425;20.739569;
6;7;1;7;26;602031;20.739569;
7;7;1;7;3;294438;20.739569;
8;7;1;7;23;631927;20.739569;
9;7;1;7;7;426408;20.739569;
10;7;1;7;26;747637;20.739569;
11;7;1;7;11;586331;20.739569;
12;7;1;7;21;763667;20.739569;
13;7;1;7;19;663968;20.739569;
14;7;1;7;28;780349;20.739569;
15;7;1;7;18;798804;20.739569;
16;7;1;7;7;529083;20.739569;
17;7;1;7;25;755893;20.739569;
18;7;1;7;31;806919;20.739569;
19;7;1;7;19;746114;20.739569;
20;7;1;7;21;767114;20.739569;
21;7;1;7;6;545113;20.739569;
22;7;1;7;18;658718;20.739569;
1;7;2;14;126;3215272;70.33252;
2;7;2;14;102;2837366;70.61695;
3;7;2;14;61;1595643;70.31961;
4;7;2;14;118;2909563;70.33252;
5;7;2;14;76;1951568;70.33252;
6;7;2;14;80;2032120;70.33252;
7;7;2;14;78;2109387;70.39518;
8;7;2;14;102;2731205;70.46812;
9;7;2;14;97;2621908;70.61695;
10;7;2;14;67;1954023;70.39518;
11;7;2;14;78;2224204;70.31961;
12;7;2;14;54;1757410;70.39518;
13;7;2;14;94;2791459;70.46812;
14;7;2;14;133;3904498;70.31961;
15;7;2;14;99;3070187;70.46812;
16;7;2;14;42;1634948;70.46812;
17;7;2;14;40;1627824;71.241264;
18;7;2;14;113;3610692;70.39518;
19;7;2;14;87;2924792;70.39518;
20;7;2;14;95;3218078;70.33252;
21;7;2;14;36;1772348;70.31961;
22;7;2;14;63;2511889;70.46812;
1;7;3;21;275;18170128;203.80568;
2;7;3;21;370;17091796;203.92686;
3;7;3;21;331;14085639;203.39432;
4;7;3;21;277;10989402;204.71649;
5;7;3;21;355;12544619;204.94516;
6;7;3;21;385;13503045;203.51965;
7;7;3;21;243;8243510;203.77687;
8;7;3;21;271;9527573;203.0105;
9;7;3;21;220;7705871;205.11795;
10;7;3;21;249;8907629;205.12698;
11;7;3;21;204;6794243;204.43799;
12;7;3;21;319;11602905;203.95453;
13;7;3;21;170;6061235;203.55377;
14;7;3;21;227;8301620;205.24843;
15;7;3;21;352;12466231;203.22897;
16;7;3;21;290;9921539;204.40453;
17;7;3;21;319;11372168;204.91115;
18;7;3;21;160;5911541;202.3942;
19;7;3;21;237;8921915;202.1852;
20;7;3;21;244;9017366;206.07002;
21;7;3;21;310;11370825;202.66656;
22;7;3;21;223;9451679;202.20839;
1;7;4;28;727;103096266;398.93408;
2;7;4;28;592;53714419;399.22687;
3;7;4;28;682;53158004;406.24533;
4;7;4;28;595;39611195;404.57828;
5;7;4;28;537;31486811;405.0211;
6;7;4;28;498;27053872;399.4925;
7;7;4;28;596;32218157;401.3129;
8;7;4;28;686;33604664;399.67163;
9;7;4;28;495;25141508;402.91315;
10;7;4;28;483;23301271;402.84573;
11;7;4;28;544;25907660;399.80313;
12;7;4;28;607;26751268;398.0019;
13;7;4;28;444;21513955;397.00165;
14;7;4;28;510;23851043;402.30927;
15;7;4;28;908;43282321;402.47946;
16;7;4;28;966;45503370;407.52502;
17;7;4;28;614;29298865;402.1024;
18;7;4;28;569;25847696;403.22638;
19;7;4;28;551;25088267;404.02112;
20;7;4;28;789;35351725;400.1989;
21;7;4;28;551;25238191;401.05066;
22;7;4;28;593;27157198;403.22803;
1;7;5;35;1185;320215375;760.88477;
2;7;5;35;1270;213091286;762.9493;
3;7;5;35;869;119110560;765.0756;
4;7;5;35;1198;134044027;764.6917;
5;7;5;35;859;82029680;761.25995;
6;7;5;35;1282;110799784;762.79474;
7;7;5;35;1048;89303282;765.37805;
8;7;5;35;1057;78666477;765.04913;
9;7;5;35;915;64022350;764.26;
10;7;5;35;1246;84735417;762.1955;
11;7;5;35;1079;77099578;760.3771;
12;7;5;35;1070;74794410;772.68365;
13;7;5;35;1575;104008796;765.20337;
14;7;5;35;1654;112991577;757.70856;
15;7;5;35;972;67491163;758.9707;
16;7;5;35;1280;86821079;763.20294;
17;7;5;35;1028;66395195;762.8472;
18;7;5;35;1004;62873913;755.17084;
19;7;5;35;1282;81305177;761.2443;
20;7;5;35;1291;82312045;763.06244;
21;7;5;35;1110;70146304;764.03;
22;7;5;35;1866;119188098;763.25024;
1;7;6;42;2110;975421229;1214.0342;
2;7;6;42;2635;753238036;1214.8381;
3;7;6;42;2170;473373569;1225.7596;
4;7;6;42;2236;400148672;1226.6625;
5;7;6;42;3410;513028577;1211.9635;
6;7;6;42;1937;256507391;1210.3303;
7;7;6;42;2223;274931450;1220.89;
8;7;6;42;1930;214802338;1223.0961;
9;7;6;42;1847;189598802;1220.1903;
10;7;6;42;1470;146207424;1226.2343;
11;7;6;42;2236;209582888;1219.8391;
12;7;6;42;2295;248311912;1221.8226;
13;7;6;42;2400;227460923;1222.1915;
14;7;6;42;2404;224213179;1218.1476;
15;7;6;42;1611;155924095;1216.7614;
16;7;6;42;2018;190237342;1221.9364;
17;7;6;42;2353;212714221;1211.7378;
18;7;6;42;2290;204975518;1211.5685;
19;7;6;42;2558;228171710;1218.8898;
20;7;6;42;1920;171111553;1222.122;
21;7;6;42;1625;147526584;1213.8813;
22;7;6;42;2190;191975826;1223.8606;
1;7;7;49;3930;2854282647;1765.3108;
2;7;7;49;3920;1775288548;1770.2987;
3;7;7;49;2489;834926309;1763.2771;
4;7;7;49;4018;1098434925;1768.3969;
5;7;7;49;2452;551552262;1759.1248;
6;7;7;49;3130;600116251;1770.922;
7;7;7;49;3459;651332055;1761.8882;
8;7;7;49;3299;565190493;1778.4067;
9;7;7;49;3122;466822075;1761.7311;
10;7;7;49;3099;439384346;1759.5474;
11;7;7;49;3253;446619185;1766.8508;
12;7;7;49;2192;280069035;1762.6936;
13;7;7;49;2628;367325158;1764.7545;
14;7;7;49;3349;434924185;1767.1287;
15;7;7;49;3244;442314067;1786.1185;
16;7;7;49;3173;413009130;1771.655;
17;7;7;49;3002;379316820;1768.4003;
18;7;7;49;3023;380279244;1764.042;
19;7;7;49;2674;334644866;1778.3594;
20;7;7;49;2627;329926415;1765.9084;
21;7;7;49;2679;334343996;1758.8909;
22;7;7;49;3559;444318595;1767.7219;
1;7;8;56;4102;4312293017;2567.261;
2;7;8;56;4566;3043611117;2582.5977;
3;7;8;56;4761;2366248289;2574.1096;
4;7;8;56;4109;1688786274;2578.0317;
5;7;8;56;4404;1415371307;2568.7947;
6;7;8;56;4952;1375821628;2582.452;
7;7;8;56;6205;1661382720;2577.999;
8;7;8;56;3526;837587412;2556.5774;
9;7;8;56;4523;942957256;2571.6577;
10;7;8;56;4225;871750844;2567.641;
11;7;8;56;4794;914683974;2566.32;
12;7;8;56;4950;930766447;2567.1567;
13;7;8;56;5316;945680506;2579.6042;
14;7;8;56;4393;773047791;2580.883;
15;7;8;56;3712;679031620;2561.1685;
16;7;8;56;4256;758886529;2580.9739;
17;7;8;56;4417;764365261;2566.8164;
18;7;8;56;5413;939107362;2567.2502;
19;7;8;56;3683;636516492;2577.9448;
20;7;8;56;4195;717483869;2570.2239;
21;7;8;56;5296;916941722;2576.8457;
22;7;8;56;5187;896342200;2569.7104;
1;8;1;8;17;240165;25.415592;
2;8;1;8;21;442097;25.415592;
3;8;1;8;21;486662;25.415592;
4;8;1;8;32;1443425;25.415592;
5;8;1;8;28;673436;25.415592;
6;8;1;8;30;728681;25.415592;
7;8;1;8;25;664078;25.415592;
8;8;1;8;18;611589;25.415592;
9;8;1;8;24;663698;25.415592;
10;8;1;8;40;974677;25.415592;
11;8;1;8;20;811788;25.415592;
12;8;1;8;44;1177681;25.415592;
13;8;1;8;22;889706;25.415592;
14;8;1;8;29;970078;25.415592;
15;8;1;8;31;1079655;25.415592;
16;8;1;8;32;1040141;25.415592;
17;8;1;8;31;1028358;25.415592;
18;8;1;8;21;814684;25.415592;
19;8;1;8;16;682824;25.415592;
20;8;1;8;14;849359;25.415592;
21;8;1;8;34;1152443;25.415592;
22;8;1;8;43;1194924;25.415592;
1;8;2;16;118;3618496;120.02554;
2;8;2;16;177;5226122;119.63889;
3;8;2;16;89;2426087;121.43759;
4;8;2;16;95;2604085;120.367355;
5;8;2;16;118;3058795;119.088486;
6;8;2;16;129;3489041;119.63889;
7;8;2;16;238;6528009;119.088486;
8;8;2;16;98;2894204;120.12086;
9;8;2;16;100;2914522;119.52384;
10;8;2;16;144;4154582;119.63889;
11;8;2;16;188;5339497;121.77755;
12;8;2;16;61;1960315;120.08656;
13;8;2;16;146;4396150;120.02554;
14;8;2;16;96;3105093;120.89971;
15;8;2;16;139;4230065;120.64271;
16;8;2;16;178;5454645;119.088486;
17;8;2;16;135;5136212;120.40496;
18;8;2;16;184;5944784;119.63889;
19;8;2;16;142;4777422;119.088486;
20;8;2;16;181;5976103;119.088486;
21;8;2;16;100;3867528;120.02554;
22;8;2;16;81;3331673;119.28762;
1;8;3;24;461;40434495;310.0891;
2;8;3;24;317;18733606;311.40616;
3;8;3;24;314;17412884;311.4153;
4;8;3;24;445;22254878;307.2695;
5;8;3;24;368;16514832;303.93112;
6;8;3;24;427;18241504;307.63754;
7;8;3;24;365;14664437;304.21185;
8;8;3;24;277;11273732;305.97232;
9;8;3;24;391;15635887;306.26187;
10;8;3;24;367;14174417;309.34528;
11;8;3;24;359;14351885;306.93903;
12;8;3;24;288;10946391;308.61975;
13;8;3;24;553;21079601;304.31757;
14;8;3;24;573;22059168;304.44455;
15;8;3;24;420;16133910;307.39862;
16;8;3;24;473;18555138;311.6144;
17;8;3;24;304;12026888;304.69617;
18;8;3;24;547;21765732;306.34702;
19;8;3;24;393;15519656;310.27985;
20;8;3;24;424;16774684;305.81122;
21;8;3;24;391;15937128;308.37054;
22;8;3;24;514;21626378;305.63144;
1;8;4;32;736;151478361;604.66144;
2;8;4;32;852;115083400;608.26465;
3;8;4;32;1074;112428580;599.6401;
4;8;4;32;856;77504776;604.8485;
5;8;4;32;975;76813156;610.55774;
6;8;4;32;1060;77252689;608.4834;
7;8;4;32;1031;68311908;608.94543;
8;8;4;32;602;37713169;603.3298;
9;8;4;32;872;53457431;607.47375;
10;8;4;32;1027;58276462;600.0636;
11;8;4;32;1324;75794215;600.2054;
12;8;4;32;658;40304910;605.4932;
13;8;4;32;934;52400378;609.167;
14;8;4;32;1028;57749915;612.7996;
15;8;4;32;679;39544188;602.396;
16;8;4;32;767;44023666;607.252;
17;8;4;32;1250;68672320;600.54266;
18;8;4;32;1098;60481380;605.9287;
19;8;4;32;915;52406730;607.95233;
20;8;4;32;1053;59271999;611.86646;
21;8;4;32;1140;64694574;606.325;
22;8;4;32;1090;62341936;610.11847;
1;8;5;40;1540;590048485;1056.1213;
2;8;5;40;1918;490887494;1051.4398;
3;8;5;40;1460;277659008;1058.0941;
4;8;5;40;2677;430042024;1052.8315;
5;8;5;40;1960;259668220;1058.5552;
6;8;5;40;1408;164464587;1062.6324;
7;8;5;40;1541;168345471;1056.8429;
8;8;5;40;1579;166160101;1051.0685;
9;8;5;40;1210;122898518;1054.8278;
10;8;5;40;1956;222598239;1048.28;
11;8;5;40;1711;183286382;1050.7313;
12;8;5;40;1508;142005241;1048.1592;
13;8;5;40;1094;89729138;1055.1107;
14;8;5;40;1891;162253448;1062.8619;
15;8;5;40;2099;180216966;1067.76;
16;8;5;40;1237;106662104;1055.1293;
17;8;5;40;1678;137356724;1060.3213;
18;8;5;40;1792;147369055;1051.6141;
19;8;5;40;1341;109194261;1064.0061;
20;8;5;40;1574;130285916;1068.3759;
21;8;5;40;1871;151528306;1051.7294;
22;8;5;40;1643;132279113;1058.6815;
1;8;6;48;3684;2548088812;1740.1201;
2;8;6;48;3015;1300496392;1742.7257;
3;8;6;48;3166;999179025;1721.8588;
4;8;6;48;3574;929614385;1729.7577;
5;8;6;48;2617;547638326;1719.9756;
6;8;6;48;2417;435361113;1734.2965;
7;8;6;48;3043;537606658;1729.7703;
8;8;6;48;3178;493037899;1730.5515;
9;8;6;48;2479;359326652;1717.8561;
10;8;6;48;2151;294763148;1735.2162;
11;8;6;48;2673;339831453;1733.6229;
12;8;6;48;3688;487884634;1725.6467;
13;8;6;48;2850;357927722;1737.6342;
14;8;6;48;3848;489851341;1730.0048;
15;8;6;48;2722;353364535;1725.0983;
16;8;6;48;2664;331347197;1727.0923;
17;8;6;48;3366;405441582;1721.8048;
18;8;6;48;3222;389524982;1740.2654;
19;8;6;48;2274;272848654;1736.0596;
20;8;6;48;2232;262658766;1727.0342;
21;8;6;48;3102;369312804;1740.856;
22;8;6;48;3330;395263275;1727.6561;
1;8;7;56;4535;4946448045;2584.9253;
2;8;7;56;4964;3435925475;2592.6292;
3;8;7;56;4376;2182853383;2581.045;
4;8;7;56;4067;1633074040;2587.119;
5;8;7;56;4878;1586931459;2567.2534;
6;8;7;56;4713;1299909049;2584.8376;
7;8;7;56;4000;1057628235;2581.317;
8;8;7;56;3653;863129810;2586.1538;
9;8;7;56;5977;1265882004;2592.3347;
10;8;7;56;4187;837502962;2601.814;
11;8;7;56;3815;716505796;2586.6738;
12;8;7;56;4726;900632369;2576.2412;
13;8;7;56;5189;915308537;2561.1655;
14;8;7;56;3898;704000581;2564.5916;
15;8;7;56;3258;579917739;2573.195;
16;8;7;56;4553;815838792;2596.2249;
17;8;7;56;3043;521388067;2587.4465;
18;8;7;56;3556;610855710;2612.4814;
19;8;7;56;4358;748786081;2570.657;
20;8;7;56;5282;910294497;2576.4895;
21;8;7;56;4356;749179727;2581.2068;
22;8;7;56;4165;715713615;2586.1619;
1;8;8;64;8642;14051437138;3696.5974;
2;8;8;64;6505;6459874046;3717.3074;
3;8;8;64;5641;4243494989;3705.1157;
4;8;8;64;6200;3658553992;3697.4917;
5;8;8;64;7478;3510254393;3709.95;
6;8;8;64;6455;2598803867;3695.109;
7;8;8;64;7440;2901535581;3702.131;
8;8;8;64;5974;2021388846;3705.787;
9;8;8;64;6615;1962158769;3702.3618;
10;8;8;64;7567;2161618088;3695.8833;
11;8;8;64;7110;1987888943;3713.9556;
12;8;8;64;8051;2217550347;3707.323;
13;8;8;64;8172;2151391434;3692.5723;
14;8;8;64;7382;2096968625;3713.6992;
15;8;8;64;6588;1754125266;3708.1514;
16;8;8;64;6201;1622162485;3700.996;
17;8;8;64;7655;1867240063;3695.9727;
18;8;8;64;7374;1803229591;3685.7412;
19;8;8;64;7330;1769232937;3711.3875;
20;8;8;64;7485;1800692604;3703.5898;
21;8;8;64;6823;1651098401;3685.392;
22;8;8;64;7637;1818835644;3692.0525;
